{
  "project_info": {
    "project_number": "919030998167",
    "project_id": "va-farmers-market",
    "storage_bucket": "va-farmers-market.appspot.com"
  },
  "client": [
    {
      "client_info": {
        "mobilesdk_app_id": "1:919030998167:android:7e37bb8e9b47329635b5d2",
        "android_client_info": {
          "package_name": "com.example.vafma"
        }
      },
      "oauth_client": [
        {
          "client_id": "919030998167-6job7ln06ii3is0hrfsic4ql8hfr4f8d.apps.googleusercontent.com",
          "client_type": 3
        }
      ],
      "api_key": [
        {
          "current_key": "AIzaSyDdosBZdD5b6JT9-_3Cw_-TRtMW9G4PfTo"
        }
      ],
      "services": {
        "appinvite_service": {
          "other_platform_oauth_client": [
            {
              "client_id": "919030998167-6job7ln06ii3is0hrfsic4ql8hfr4f8d.apps.googleusercontent.com",
              "client_type": 3
            },
            {
              "client_id": "919030998167-bctoh2vnniv8n7tbsujlkl39mqst62qv.apps.googleusercontent.com",
              "client_type": 2,
              "ios_info": {
                "bundle_id": "VA-Farmers.Virginia-Farmers-Market"
              }
            }
          ]
        }
      }
    }
  ],
  "configuration_version": "1"
}